token,frequency
this,554
i,462
you,327
the,298
to,290
for,269
make,256
a,254
we,251
is,199
of,188
it,184
one,175
and,175
lol,151
need,123
,118
do,116
can,115
have,114
me,112
that,107
idea,105
could,102
advent,102
in,101
next,101
be,98
would,96
yes,96
calendar,92
so,85
year,85
just,82
with,82
like,81
cute,80
love,79
should,78
these,77
your,74
but,71
my,70
bottles,68
get,68
christmas,67
ğŸ˜‚,67
craft,62
too,56
what,56
wine,54
on,53
think,52
was,47
not,47
if,46
an,46
or,45
our,45
paper,44
want,40
now,40
cool,39
rolls,39
day,39
at,38
use,38
will,38
night,37
all,37
great,37
them,36
are,36
omg,35
up,34
why,32
about,32
gift,31
time,31
maybe,31
fun,31
out,31
work,30
de,30
oh,30
project,30
mini,30
own,30
awesome,29
toilet,29
haha,28
how,28
good,28
no,27
drink,27
dont,26
some,26
im,25
thought,25
know,25
liquor,24
as,24
something,23
que,22
little,22
please,22
looks,22
made,22
other,22
each,21
were,21
very,21
tree,21
go,21
right,20
might,20
iâ€™m,20
better,19
years,19
ğŸ˜‚ğŸ˜‚,19
going,19
really,19
put,19
kind,19
much,18
jennifer,18
making,18
saw,18
sure,18
its,18
found,18
alcohol,18
hahaha,18
ğŸ˜‚ğŸ˜‚ğŸ˜‚,17
us,17
thats,17
doing,17
then,16
even,16
melissa,16
when,16
katie,16
perfect,16
see,16
well,16
thatâ€™s,16
than,15
many,15
more,15
someone,15
here,14
down,14
heres,14
totally,14
there,14
u,14
crafty,14
ğŸ˜,14
ğŸ˜‰,14
pvc,14
jessica,14
they,13
days,13
talking,13
super,13
chocolate,13
still,13
amanda,13
those,13
pinterest,13
pretty,13
by,13
megan,13
glue,13
letâ€™s,13
thing,12
got,12
though,12
ill,12
had,12
kids,12
things,12
way,12
size,12
am,12
ğŸ¤£,12
tubes,12
buy,12
over,11
another,11
marie,11
best,11
beer,11
has,11
kim,11
may,11
first,11
je,11
itâ€™s,11
amber,11
needs,11
feel,11
look,11
kelly,11
wanna,11
into,11
from,11
start,11
every,10
ever,10
already,10
donâ€™t,10
mine,10
seen,10
definitely,10
karen,10
remember,10
hot,10
en,10
enough,10
nicole,10
lets,10
calendars,10
fill,10
full,10
bigger,10
ashley,10
done,10
pringles,10
find,10
probably,10
santa,10
nice,10
try,10
pipes,10
instead,10
pipe,10
hereâ€™s,9
said,9
thanks,9
people,9
did,9
today,9
1,9
such,9
looking,9
open,9
tomorrow,9
lmao,9
iâ€™ll,9
xmas,9
thinking,9
towel,9
ok,9
te,9
version,9
paint,9
ğŸ˜Š,9
lauren,9
iâ€™d,9
un,9
ago,9
guys,9
who,9
new,8
never,8
â¤ï¸,8
give,8
after,8
used,8
youre,8
together,8
brown,8
diy,8
water,8
december,8
se,8
el,8
only,8
alcoholic,8
ya,8
gonna,8
tu,8
crafts,8
hell,8
since,8
ğŸ˜œ,8
ğŸ˜,8
booze,8
ğŸ˜†,8
stephanie,8
d,8
back,8
ğŸ¤£ğŸ¤£ğŸ¤£,8
whole,8
add,8
because,8
does,8
getting,8
ha,8
lynn,8
cant,7
davis,7
easier,7
god,7
sticker,7
con,7
cans,7
iâ€™ve,7
true,7
johnson,7
ann,7
take,7
beth,7
cheap,7
where,7
spirit,7
myself,7
different,7
bottle,7
crafting,7
emily,7
tp,7
ğŸ¤”,7
det,7
store,7
para,7
jamie,7
also,7
last,7
expensive,7
â¤,7
clever,7
didnt,7
lo,7
jesus,7
linda,7
ones,7
smith,7
martin,7
forget,6
sarah,6
amazing,6
mandy,6
been,6
catch,6
ik,6
inside,6
crystal,6
til,6
laura,6
countdown,6
gun,6
casey,6
yeah,6
yourself,6
2,6
friend,6
season,6
12,6
any,6
ğŸ„,6
michelle,6
behind,6
come,6
merry,6
os,6
gifts,6
present,6
small,6
christian,6
two,6
dec,6
fitzpatrick,6
hard,6
sell,6
ğŸ˜€,6
wow,6
simple,6
holidays,6
cut,6
big,6
couple,6
donna,6
anne,6
anna,6
drinking,6
lee,6
vinegar,6
started,6
hahahaha,6
la,6
keep,6
si,6
ca,6
party,6
hate,5
cindy,5
julie,5
type,5
tell,5
calendrier,5
before,5
top,5
girls,5
maria,5
bonnie,5
du,5
life,5
id,5
yet,5
save,5
holiday,5
o,5
happy,5
weekend,5
creative,5
elizabeth,5
wait,5
angela,5
live,5
thank,5
mais,5
rachel,5
pra,5
ideas,5
andrea,5
case,5
without,5
seems,5
kimberly,5
christina,5
christine,5
always,5
baileys,5
brittany,5
hey,5
house,5
heather,5
month,5
jenna,5
youâ€™re,5
jodie,5
sooo,5
through,5
25,5
actually,5
late,5
faire,5
ryan,5
least,5
play,5
most,5
sandra,5
x,5
secret,5
else,5
courtney,5
absolutely,5
ornaments,5
kelsey,5
dude,5
erica,5
um,5
didnâ€™t,5
few,5
account,5
pour,5
tag,5
matt,5
kylie,5
tonight,5
genius,5
april,5
taylor,5
va,5
paul,5
candy,5
home,5
wish,5
shannon,5
christians,5
lori,4
n,4
christ,4
calendario,4
fantastic,4
holy,4
must,4
room,4
il,4
becky,4
heck,4
canâ€™t,4
williams,4
mind,4
circles,4
don,4
m,4
saying,4
demain,4
jess,4
tho,4
sÃ¥,4
vanessa,4
dean,4
gosh,4
adorable,4
jenn,4
colleen,4
quick,4
beautiful,4
1st,4
pero,4
anything,4
pins,4
birthday,4
jim,4
watts,4
sounds,4
alley,4
sad,4
say,4
tracy,4
thompson,4
moore,4
mary,4
s,4
being,4
hint,4
tina,4
calendÃ¡rio,4
lot,4
agree,4
al,4
again,4
natalie,4
having,4
yâ€™all,4
children,4
toys,4
ğŸ™‚,4
ğŸ™„,4
mira,4
share,4
coming,4
disrespectful,4
friday,4
miss,4
jeg,4
jen,4
ğŸ˜ƒ,4
ğŸ˜˜,4
becca,4
thomas,4
ğŸ˜„,4
both,4
empty,4
calender,4
using,4
ma,4
game,4
spam,4
nick,4
meaning,4
simon,4
gina,4
ğŸ˜ğŸ˜ğŸ˜,4
schmid,4
makes,4
clark,4
stop,4
le,4
dat,4
sichting,4
ask,4
their,4
bet,4
catholic,4
werent,4
navarro,4
mike,4
off,4
liz,4
catherine,4
chris,4
count,4
jack,3
school,3
miller,3
festive,3
items,3
adult,3
hold,3
ğŸ’•,3
times,3
micki,3
travel,3
wrong,3
allison,3
lindsay,3
fit,3
weeks,3
schmidt,3
similar,3
alexis,3
desylva,3
mean,3
lige,3
bonus,3
kayla,3
wanted,3
podemos,3
anyone,3
Ã©,3
este,3
person,3
y,3
shirley,3
finally,3
100,3
michele,3
woah,3
elliott,3
ğŸ¤ª,3
pick,3
hacer,3
bonne,3
hearts,3
yours,3
dear,3
plus,3
wrap,3
wichroski,3
melanie,3
trip,3
marissa,3
alana,3
rebecca,3
leave,3
p,3
says,3
makeup,3
yessss,3
brayden,3
max,3
interesting,3
ğŸ˜‚ğŸ˜‚ğŸ˜‚ğŸ˜‚,3
3,3
moms,3
nos,3
james,3
leuk,3
er,3
gonzalez,3
seriously,3
fazer,3
care,3
yess,3
xd,3
ikke,3
white,3
shawn,3
gotta,3
sam,3
allen,3
sells,3
bailey,3
yesssss,3
shot,3
celebrate,3
mom,3
sean,3
ornament,3
jo,3
lopez,3
arts,3
duncansichting,3
mark,3
everyday,3
same,3
check,3
week,3
noah,3
4,3
real,3
bryan,3
listening,3
patrick,3
moreno,3
either,3
l,3
yesss,3
conservative,3
og,3
brannigan,3
her,3
ladies,3
meagan,3
e,3
pull,3
saturday,3
nelson,3
danielle,3
lisa,3
neighborhood,3
ğŸ¤—,3
town,3
Ã§a,3
des,3
def,3
knutselen,3
okay,3
susan,3
help,3
24,3
20,3
olivia,3
haley,3
guess,3
reason,3
carlina,3
number,3
part,3
jordan,3
b,3
ğŸ˜¬,3
scott,3
nothing,3
wonâ€™t,3
botellas,3
trees,3
cheaper,3
stefanie,3
quiero,3
rose,3
lavio,3
church,3
pa,3
meeting,3
whoa,3
kathy,3
whitney,3
straight,3
ready,3
funny,3
minis,3
useful,3
een,3
Ã¡rbol,3
ourselves,3
carol,3
idk,3
alison,3
line,3
q,3
young,3
ja,3
havent,3
barbara,3
claudia,3
video,3
camila,3
isnâ€™t,3
let,3
baby,3
brian,3
ğŸ˜‰ğŸ˜‚,3
collection,3
morris,3
ğŸ˜‚ğŸ¤£,3
prepare,3
ğŸ¤£ğŸ˜‚,3
exactly,3
tessa,3
krista,3
niet,3
hope,3
she,3
advento,3
state,3
gone,3
uno,3
drunk,3
alisha,3
page,3
wendover,3
amy,3
boards,3
van,3
kidding,3
josh,3
j,3
problem,3
girl,3
pido,2
grenier,2
worth,2
quppia,2
giorgia,2
enjoy,2
cher,2
janice,2
blue,2
baize,2
jaeger,2
meg,2
flores,2
quite,2
study,2
york,2
sweater,2
posting,2
lehoux,2
mi,2
doable,2
las,2
danny,2
padre,2
amie,2
appreciate,2
keeps,2
order,2
office,2
deck,2
vite,2
sonya,2
break,2
lorena,2
xx,2
filling,2
diana,2
celebrating,2
dawn,2
message,2
judith,2
cutest,2
renee,2
Ã¨,2
Ã ,2
lettenberger,2
feeling,2
stacey,2
ray,2
brandon,2
victoria,2
gallagher,2
plenty,2
hanna,2
lewis,2
tempted,2
aldi,2
thisğŸ˜‚,2
watch,2
tammy,2
carmen,2
report,2
sandy,2
ese,2
bay,2
bag,2
bad,2
ğŸŒ²,2
fait,2
mausolf,2
patel,2
disturbing,2
bevmo,2
bien,2
ğŸ·,2
wtf,2
ğŸ¸,2
ğŸ¹,2
received,2
meredith,2
una,2
games,2
une,2
cuz,2
non,2
riley,2
sydney,2
sooooo,2
pringle,2
child,2
ugly,2
hahah,2
showing,2
hang,2
elle,2
kid,2
kyla,2
kyle,2
thereâ€™s,2
left,2
joshua,2
yep,2
adding,2
burns,2
phillips,2
character,2
board,2
easy,2
har,2
judge,2
youâ€™d,2
theyre,2
comments,2
everything,2
ğŸ˜ğŸ˜,2
jorge,2
olsen,2
post,2
months,2
support,2
depot,2
anderson,2
until,2
cassie,2
phelan,2
molester,2
ne,2
tis,2
ğŸ¸ğŸ¸,2
meenan,2
mullins,2
jones,2
dingman,2
mathewson,2
odonnell,2
hannah,2
die,2
posts,2
settle,2
colin,2
cost,2
trisha,2
ğŸ˜®,2
drinks,2
wondering,2
wolfe,2
huber,2
shelley,2
russell,2
working,2
wood,2
andy,2
ahhh,2
jaaka,2
kerry,2
beaver,2
savannah,2
figure,2
sample,2
pure,2
cocktail,2
grog,2
man,2
jij,2
ğŸ˜‚ğŸ˜,2
sooner,2
hall,2
name,2
happen,2
napolitano,2
hacked,2
shows,2
disrespect,2
grandma,2
cara,2
card,2
turn,2
lindsey,2
gordon,2
cheese,2
bianca,2
gives,2
meme,2
gin,2
10,2
nÃ£o,2
cassandra,2
green,2
mayer,2
zeker,2
phil,2
shop,2
show,2
estos,2
alcoholism,2
carolina,2
lighten,2
oconnor,2
dit,2
morning,2
bought,2
wonder,2
labee,2
contenido,2
leanne,2
killing,2
lento,2
spare,2
Ã¥r,2
brierley,2
schott,2
glazier,2
por,2
howard,2
marr,2
wants,2
certainly,2
andrew,2
stephen,2
coco,2
ive,2
activity,2
pas,2
yo,2
etc,2
dacht,2
cheers,2
tradition,2
na,2
hubby,2
summer,2
â˜ºï¸,2
prikladan,2
brianna,2
ğŸ˜‚ğŸ˜‚ğŸ˜‚ğŸ˜‚ğŸ˜‚,2
samples,2
jake,2
around,2
read,2
early,2
moi,2
world,2
adams,2
kennedy,2
ingle,2
karin,2
ğŸ¥ƒ,2
legal,2
meghan,2
asap,2
ğŸ’ğŸ¼,2
favorite,2
youd,2
het,2
los,2
missy,2
tiffany,2
trying,2
buying,2
chrissy,2
annette,2
carver,2
ah,2
angelica,2
deserve,2
5,2
brandi,2
terri,2
iï¸,2
carpenter,2
radobuljac,2
wohlgemuth,2
mccarthy,2
ti,2
woman,2
jajajaj,2
tanya,2
therese,2
theresa,2
christy,2
achterkant,2
jackie,2
byrd,2
ğŸ™Œ,2
kaitlyn,2
hour,2
middle,2
der,2
alyssa,2
rosemarie,2
chelsea,2
robinson,2
tried,2
fb,2
hele,2
lai,2
ally,2
easily,2
kasey,2
nephews,2
todos,2
everyone,2
weight,2
energy,2
stimac,2
event,2
jolly,2
issue,2
navidad,2
imagine,2
w,2
gardner,2
feed,2
fancy,2
story,2
sanchez,2
ze,2
option,2
grace,2
king,2
double,2
dani,2
dana,2
dan,2
wasnt,2
ummm,2
wilson,2
shelby,2
build,2
club,2
goed,2
kan,2
lynne,2
esse,2
kay,2
lavent,2
ğŸ˜,2
deze,2
finn,2
sayin,2
less,2
circle,2
his,2
ğŸ¤£ğŸ¤£,2
alexander,2
garcia,2
glover,2
gotten,2
vincent,2
ser,2
jade,2
leslie,2
angie,2
nigrelli,2
champagne,2
poner,2
spray,2
minus,2
except,2
consuming,2
pendleton,2
whos,2
damn,2
maken,2
tracie,2
anthony,2
aaron,2
denishia,2
theres,2
larger,2
decoration,2
suarez,2
howe,2
desk,2
nikki,2
tomas,2
bit,2
shapes,2
alexandra,2
doherty,2
sue,2
mmmmm,2
pet,2
kertz,2
wouldnt,2
alleen,2
appropriate,2
bjorkman,2
kathleen,2
question,2
long,2
adam,2
debbie,2
lina,2
nieces,2
leighanne,2
called,2
upeniece,2
armstrong,2
single,2
nah,2
end,2
ooo,2
mccombe,2
holes,2
katy,2
mercer,2
forstÃ¥r,2
rhonda,2
include,2
putting,2
eve,2
naomi,2
saifiti,2
kris,2
exchange,2
desiree,2
les,2
others,2
receive,2
hughes,2
app,2
crosby,2
voy,2
chocolates,2
oils,2
sister,2
stephenie,2
connie,2
lelde,2
hadley,2
counter,2
ummmmm,2
warren,2
bridget,2
tyler,2
dar,2
tracey,2
buena,2
yesssssss,2
cest,2
sarina,2
weâ€™re,2
cause,2
molly,2
alex,2
cricut,2
bitch,2
drinker,2
decorations,2
lush,2
loved,2
ben,2
chambers,2
apparently,2
sem,2
mig,2
kristi,2
bouteilles,2
class,2
bui,2
bring,2
course,2
gosse,2
calling,2
stuff,2
yassss,2
joe,2
ci,2
ce,2
brennan,2
silvia,2
drank,2
warwick,2
kacey,2
zeitner,2
promoted,2
frohmader,2
vicky,2
jajaja,2
hicks,2
perhaps,2
vittalibuskens,2
eric,2
matthew,2
castillo,2
samantha,2
kimberley,2
patricia,2
wel,2
smart,2
utah,2
doyle,2
immediately,2
become,2
works,2
crafternoon,2
uhhhh,2
ps,2
acosta,2
veyder,2
carolyn,2
caire,2
tiny,2
varvell,2
hehe,2
yearâ€™s,2
caitlin,2
reminds,2
eat,2
he,2
minutes,2
foster,2
jenny,2
variety,2
lawford,2
margaret,2
kinda,2
jackson,2
sheri,2
baker,2
ortega,2
heidi,2
lives,2
